Name,SSN,BankAccount,Phone,Gmail,Birthday
John Smith,123-45-6789,012345678901,(555) 321-7654,john.smith@gmail.com,1985-04-12
Mary Johnson,987-65-4321,109876543210,(555) 654-3210,mary.johnson@gmail.com,1978-11-23
Robert Brown,456-78-9012,234567890123,(555) 987-6543,robert.brown@gmail.com,1990-02-07
Lisa Davis,321-54-7890,345678901234,(555) 876-5432,lisa.davis@gmail.com,1989-06-15
Michael Wilson,654-32-1098,456789012345,(555) 765-4321,michael.wilson@gmail.com,1975-12-30
Patricia Miller,789-01-2345,567890123456,(555) 543-2109,patricia.miller@gmail.com,1982-09-04
David Taylor,012-34-5678,678901234567,(555) 432-1098,david.taylor@gmail.com,1993-03-19
Jennifer Anderson,345-67-8901,789012345678,(555) 321-0987,jennifer.anderson@gmail.com,1979-07-22
Christopher Thomas,678-90-1234,890123456789,(555) 210-9876,christopher.thomas@gmail.com,1988-10-05
Sarah Moore,901-23-4567,901234567890,(555) 109-8765,sarah.moore@gmail.com,1991-01-28
James Jackson,234-56-7890,012345678901,(555) 987-6543,james.jackson@gmail.com,1976-04-13
Nancy White,567-89-0123,123456789012,(555) 876-5432,nancy.white@gmail.com,1984-08-17
Brian Harris,890-12-3456,234567890123,(555) 765-4321,brian.harris@gmail.com,1992-05-02
Karen Martin,123-45-6789,345678901234,(555) 654-3210,karen.martin@gmail.com,1977-11-29
George Thompson,456-78-9012,456789012345,(555) 543-2109,george.thompson@gmail.com,1986-02-16
Donna Garcia,789-01-2345,567890123456,(555) 432-1098,donna.garcia@gmail.com,1994-07-11
Edward Martinez,012-34-5678,678901234567,(555) 321-0987,edward.martinez@gmail.com,1973-09-27
Linda Robinson,345-67-8901,789012345678,(555) 210-9876,linda.robinson@gmail.com,1980-12-02
Paul Clark,678-90-1234,890123456789,(555) 109-8765,paul.clark@gmail.com,1995-03-14
Barbara Rodriguez,901-23-4567,901234567890,(555) 987-6543,barbara.rodriguez@gmail.com,1978-05-06
Kevin Lewis,234-56-7890,012345678901,(555) 876-5432,kevin.lewis@gmail.com,1989-09-19
Stephanie Lee,567-89-0123,123456789012,(555) 765-4321,stephanie.lee@gmail.com,1997-11-23
Steven Walker,890-12-3456,234567890123,(555) 654-3210,steven.walker@gmail.com,1974-02-08
Carol Hall,123-45-6789,345678901234,(555) 543-2109,carol.hall@gmail.com,1983-04-15
Frank Allen,456-78-9012,456789012345,(555) 432-1098,frank.allen@gmail.com,1991-07-29
Melissa Young,789-01-2345,567890123456,(555) 321-0987,melissa.young@gmail.com,1976-12-04
Jason Hernandez,012-34-5678,678901234567,(555) 210-9876,jason.hernandez@gmail.com,1982-03-17
Angela King,345-67-8901,789012345678,(555) 109-8765,angela.king@gmail.com,1994-06-21
Larry Wright,678-90-1234,890123456789,(555) 987-6543,larry.wright@gmail.com,1979-10-02
Kim Scott,901-23-4567,901234567890,(555) 876-5432,kim.scott@gmail.com,1985-12-18
Gregory Green,234-56-7890,012345678901,(555) 765-4321,gregory.green@gmail.com,1993-02-06
Rebecca Adams,567-89-0123,123456789012,(555) 654-3210,rebecca.adams@gmail.com,1978-05-13
Jeffrey Baker,890-12-3456,234567890123,(555) 543-2109,jeffrey.baker@gmail.com,1987-07-27
Sharon Nelson,123-45-6789,345678901234,(555) 432-1098,sharon.nelson@gmail.com,1995-09-05
Patrick Carter,456-78-9012,456789012345,(555) 321-0987,patrick.carter@gmail.com,1976-11-19
Tiffany Mitchell,789-01-2345,567890123456,(555) 210-9876,tiffany.mitchell@gmail.com,1983-02-28
Douglas Perez,012-34-5678,678901234567,(555) 109-8765,douglas.perez@gmail.com,1991-04-12
Kathleen Roberts,345-67-8901,789012345678,(555) 987-6543,kathleen.roberts@gmail.com,1977-06-25
Gary Turner,678-90-1234,890123456789,(555) 876-5432,gary.turner@gmail.com,1989-08-30
Carolyn Phillips,901-23-4567,901234567890,(555) 765-4321,carolyn.phillips@gmail.com,1993-10-07
Alan Cook,234-56-7890,012345678901,(555) 654-3210,alan.cook@gmail.com,1975-12-19
Lynn Patterson,567-89-0123,123456789012,(555) 543-2109,lynn.patterson@gmail.com,1984-01-26
Darren Bell,890-12-3456,234567890123,(555) 432-1098,darren.bell@gmail.com,1992-03-02
Maria Hughes,123-45-6789,345678901234,(555) 321-0987,maria.hughes@gmail.com,1978-06-09
Scott Simmons,456-78-9012,456789012345,(555) 210-9876,scott.simmons@gmail.com,1985-08-20
Megan Foster,789-01-2345,567890123456,(555) 109-8765,megan.foster@gmail.com,1991-10-15
Eugene Russell,012-34-5678,678901234567,(555) 987-6543,eugen.russell@gmail.com,1976-12-28
Diana Hayes,345-67-8901,789012345678,(555) 876-5432,diana.hayes@gmail.com,1984-02-04
Vincent Powell,678-90-1234,890123456789,(555) 765-4321,vincents.powell@gmail.com,1993-04-18
Katherine Webb,901-23-4567,901234567890,(555) 654-3210,kathrine.webb@gmail.com,1978-06-22
Brittany Knight,234-56-7890,012345678901,(555) 543-2109,brittney.knight@gmail.com,1986-08-09
Stephen Ramirez,567-89-0123,123456789012,(555) 432-1098,stephen.ramirez@gmail.com,1994-10-01
Paula Foster,890-12-3456,234567890123,(555) 321-0987,paula.foster@gmail.com,1979-11-27
Raymond Ortiz,123-45-6789,345678901234,(555) 210-9876,raymond.ortiz@gmail.com,1985-01-14
Deborah Hicks,456-78-9012,456789012345,(555) 109-8765,deborah.hicks@gmail.com,1991-02-28
Jordan Palmer,789-01-2345,567890123456,(555) 987-6543,jordan.palmer@gmail.com,1978-03-12
Ruthie Torres,012-34-5678,678901234567,(555) 876-5432,ruthie.torres@gmail.com,1984-04-25
Willard Hayes,345-67-8901,789012345678,(555) 765-4321,willard.hayes@gmail.com,1990-06-09
Erika Price,678-90-1234,890123456789,(555) 654-3210,erika.price@gmail.com,1975-07-22
Moses Reed,901-23-4567,901234567890,(555) 543-2109,moses.reed@gmail.com,1988-09-04
